0,CombatZoneResize,225,215,415,387
0,HeartMode,0
0,HeartTeleport,320,300,320,300
0.5,SansSlam,1
0,SansBody,HandDown
0,BoneStab,0,68,0.5,0.25
0,BoneStab,1,60,0.5,0.25
0,BoneStab,2,68,0.5,0.25
0,BoneStab,3,60,0.5,0.25
0.5,SansBody,HandUp
0.25,Sound,Ding,
0,HeartMode,0
0.375,SineBones,110,15,50,60
0,Sound,GasterBlaster,
0,SansBody,HandLeft
1,SET,i,0
0,JMPE,29,$i,13
0,SET,x,20
0,SET,y,20
0,RND,rndX,280
0,RND,rndY,260
0,ADD,x,$x,$rndX
0,ADD,y,$y,$rndY
0,GetHeartPos,heartX,heartY
0,ANGLE,ang,$x,$y,$heartX,$heartY
0,GasterBlaster,0,320,0,$x,$y,$ang,0.75,1.25
0,ADD,i,$i,1
2,JMPABS,17
0,SansTorso,Default
0,SansAnimation,Idle
0,EndAttack